Date,Sender,Subject,Category,Words,Attachments,Size_KB
14-11-2025,admin@service.com,New Project,Education,495,3,3191.33
27-10-2025,manager@office.com,Important Notice,Promotion,469,1,2550.08
08-03-2025,david@company.com,Job Opportunity,Finance,599,5,3387.56
04-01-2025,john@university.edu,Holiday Plans,Notification,1185,4,4800.76
17-06-2025,sarah@company.com,Monthly Report,Spam,1249,5,1563.47
11-10-2025,charlie@outlook.com,Weekly Update,SPAM,230,0,2872.45
16-09-2025,charlie@outlook.com,Training Program,spam,,2,2752.66
27-03-2025,alice@gmail.com,System Notification,Education,232,3,4556.58
16-12-2025,charlie@outlook.com,Payment Confirmation,Personal,792,0,2145.4
27-04-2025,emma@gmail.com,Payment Confirmation,Social,1259,5,1980.3
,alice@gmail.com,System Notification,Notification,582,0,2831.82
24-11-2025,alice@gmail.com,Weekly Update,Notification,565,1,3501.78
29-06-2025,sarah@company.com,Assignment Submission,Education,443,1,4028.18
15-11-2025,john@university.edu,Meeting Schedule,Education,121,4,115.54
21-11-2025,support@website.com,Payment Confirmation,Notification,1067,4,4749.02
28-03-2025,charlie@outlook.com,Team Meeting,Personal,285,4,2171.39
14-07-2025,emma@gmail.com,Monthly Report,Social,1029,1,321.02
26-12-2025,alice@gmail.com,Assignment Submission,Work,649,0,2283.64
24-10-2025,david@company.com,Payment Confirmation,Finance,597,1,4508.79
26-03-2025,alice@gmail.com,Important Notice,Promotion,1405,5,1191.46
10-02-2025,,,work,1011,3,217.37
01-08-2025,manager@office.com,,Notification,1296,1,2274.7
01-02-2025,sarah@company.com,Important Notice,Personal,1024,5,4548.96
09-07-2025,john@university.edu,Meeting Schedule,Notification,1023,0,2170.45
18-05-2025,david@company.com,Team Meeting,Finance,500,5,1214.07
29-05-2025,emma@gmail.com,Job Opportunity,Personal,706,2,2274.47
08-02-2025,david@company.com,,Notification,1161,2,456.06
31-08-2025,admin@service.com,Payment Confirmation,Work,617,1,319.43
20-05-2025,david@company.com,Payment Confirmation,Promotion,436,5,3173.02
19-03-2025,bob@yahoo.com,Event Invitation,Promotion,1482,0,2525.22
11-09-2025,bob@yahoo.com,Job Opportunity,Personal,568,4,4117.3
24-02-2025,charlie@outlook.com,Team Meeting,Education,1488,5,3609.19
22-12-2025,alice@gmail.com,Important Notice,WORK,543,1,305.25
05-08-2025,admin@service.com,Job Opportunity,Spam,1212,3,2674.17
02-05-2025,charlie@outlook.com,New Project,Notification,70,1,3684.14
08-08-2025,manager@office.com,Job Opportunity,Work,1267,5,4148.16
28-05-2025,support@website.com,Meeting Schedule,Spam,200,2,1265.73
09-04-2025,support@website.com,Event Invitation,Education,412,1,3694.33
12-04-2025,support@website.com,Assignment Submission,Social,747,,3367.6
01-11-2025,emma@gmail.com,Assignment Submission,Promotion,1282,3,3117.79
16-03-2025,manager@office.com,Important Notice,Personal,,2,1112.74
09-02-2025,sarah@company.com,Job Opportunity,Notification,1473,5,2091.38
15-05-2025,john@university.edu,Project Update,Finance,985,0,3099.64
24-08-2025,david@company.com,Monthly Report,Personal,1358,5,3799.13
15-07-2025,manager@office.com,Project Update,Notification,294,2,2388.32
19-02-2025,manager@office.com,Training Program,Spam,334,0,1807.34
12-10-2025,charlie@outlook.com,Job Opportunity,Social,31,2,2334.33
12-07-2025,admin@service.com,Event Invitation,Finance,353,3,373.18
24-04-2025,sarah@company.com,Monthly Report,,295,5,3666.2
16-06-2025,admin@service.com,Assignment Submission,Social,851,0,2993.3
25-03-2025,bob@yahoo.com,Monthly Report,Work,811,0,818.72
04-01-2025,bob@yahoo.com,Training Program,Work,788,5,1031.07
30-01-2025,sarah@company.com,Holiday Plans,Education,83,1,4244.1
10-09-2025,manager@office.com,Weekly Update,Spam,949,3,2212.17
31-10-2025,sarah@company.com,Holiday Plans,Spam,1385,4,4750.94
15-03-2025,john@university.edu,Important Notice,Education,1452,5,1654.99
11-11-2025,manager@office.com,Payment Confirmation,Work,1089,1,1824.55
27-04-2025,david@company.com,System Notification,Personal,798,2,2269.78
06-06-2025,alice@gmail.com,Job Opportunity,Personal,445,5,1059.07
16-07-2025,emma@gmail.com,Holiday Plans,Social,1212,5,2866.52
21-06-2025,bob@yahoo.com,Monthly Report,Notification,,5,3746.71
22-04-2025,manager@office.com,New Project,Work,320,5,750.34
17-02-2025,,Event Invitation,Education,1159,0,2934.39
12-03-2025,admin@service.com,Training Program,Spam,325,4,4466.19
30-08-2025,emma@gmail.com,Important Notice,Education,,5,3225.71
06-04-2025,david@company.com,Weekly Update,Spam,568,5,2665.93
26-08-2025,manager@office.com,Assignment Submission,Promotion,1491,2,3672.33
14-05-2025,sarah@company.com,Payment Confirmation,Promotion,671,3,1363.42
24-12-2025,manager@office.com,Event Invitation,Finance,1422,0,3104.17
13-01-2025,manager@office.com,,Finance,951,0,1254.16
12-05-2025,bob@yahoo.com,Job Opportunity,,1231,5,759.92
31-03-2025,admin@service.com,Training Program,Finance,213,3,514.03
24-02-2025,manager@office.com,Important Notice,Personal,830,2,3730.3
02-10-2025,sarah@company.com,Monthly Report,Notification,1361,3,2862.26
03-10-2025,bob@yahoo.com,,Finance,1052,5,2376.2
08-06-2025,john@university.edu,Event Invitation,Spam,413,1,4999.88
21-12-2025,alice@gmail.com,Event Invitation,Promotion,1456,4,2971.13
25-05-2025,bob@yahoo.com,Monthly Report,Social,1057,4,1623
06-07-2025,john@university.edu,Payment Confirmation,Personal,1368,4,4096.15
02-02-2025,admin@service.com,Meeting Schedule,Social,432,0,3956.59
28-10-2025,alice@gmail.com,Weekly Update,Finance,1326,1,267.19
18-04-2025,bob@yahoo.com,Holiday Plans,Promotion,1274,2,939.83
19-06-2025,admin@service.com,System Notification,Promotion,209,4,3624.3
07-08-2025,manager@office.com,Team Meeting,Finance,218,0,1038.73
30-09-2025,john@university.edu,Weekly Update,Social,1269,3,965.36
23-07-2025,bob@yahoo.com,Project Update,Social,1285,1,
10-04-2025,support@website.com,Weekly Update,Spam,857,5,2461.17
30-12-2025,charlie@outlook.com,Project Update,Work,471,2,168.31
07-09-2025,admin@service.com,Payment Confirmation,Finance,306,0,969.5
07-05-2025,emma@gmail.com,Invoice Details,Social,611,5,1040.35
18-11-2025,john@university.edu,Training Program,Work,627,3,3765.68
17-11-2025,bob@yahoo.com,New Project,Work,1058,5,160.82
07-07-2025,alice@gmail.com,Event Invitation,Spam,1138,1,4948.93
03-03-2025,manager@office.com,New Project,Work,1318,5,1915.52
13-08-2025,david@company.com,Event Invitation,Work,306,4,4967.45
04-09-2025,emma@gmail.com,Weekly Update,Spam,1441,0,1869.15
28-02-2025,support@website.com,Event Invitation,Social,1332,2,562.2
18-06-2025,sarah@company.com,Monthly Report,Social,1364,4,4367.03
13-08-2025,john@university.edu,System Notification,Spam,525,3,2027.31
01-09-2025,david@company.com,Assignment Submission,Social,1091,3,2063.1
06-11-2025,john@university.edu,Important Notice,Education,1486,3,1851.3
03-08-2025,charlie@outlook.com,System Notification,Promotion,1203,5,1567.01
27-10-2025,manager@office.com,Important Notice,Promotion,469,1,2550.08
17-05-2025,emma@gmail.com,Payment Confirmation,Social,715,2,35.5
22-09-2025,alice@gmail.com,Training Program,Education,154,2,3549.3
09-10-2025,support@website.com,System Notification,Promotion,244,2,4329.07
21-10-2025,david@company.com,Meeting Schedule,Spam,662,3,761.4
20-02-2025,support@website.com,Payment Confirmation,Finance,900,3,4441.01
16-09-2025,support@website.com,Holiday Plans,Finance,868,3,1260.07
26-02-2025,admin@service.com,Meeting Schedule,Promotion,448,5,2692.34
13-03-2025,manager@office.com,Holiday Plans,Education,824,4,3697.9
03-12-2025,emma@gmail.com,Project Update,Spam,282,5,1296.97
20-12-2025,support@website.com,Event Invitation,Spam,147,5,694.72
30-06-2025,support@website.com,Payment Confirmation,Promotion,948,5,141.62
05-08-2025,alice@gmail.com,Payment Confirmation,Education,969,5,2261.23
13-04-2025,charlie@outlook.com,Weekly Update,Spam,242,1,2705.46
27-04-2025,sarah@company.com,Project Update,Personal,928,1,3471.54
05-04-2025,david@company.com,System Notification,Finance,635,5,726.04
27-12-2025,david@company.com,Training Program,Promotion,599,3,2333.92
19-07-2025,david@company.com,New Project,Notification,466,1,538.54
23-01-2025,support@website.com,Project Update,Notification,181,4,1469.43
06-08-2025,david@company.com,Important Notice,Personal,663,0,
01-04-2025,sarah@company.com,Event Invitation,Spam,401,5,4810.85
11-03-2025,charlie@outlook.com,New Project,Spam,199,5,4837.97
05-12-2025,john@university.edu,,Education,1120,3,2646.57
13-08-2025,emma@gmail.com,Job Opportunity,Work,1387,4,1500.4
30-04-2025,charlie@outlook.com,Event Invitation,Work,587,1,4937.7
19-06-2025,support@website.com,Invoice Details,,845,1,398.76
13-01-2025,john@university.edu,Weekly Update,Work,706,0,3795.85
24-02-2025,support@website.com,Job Opportunity,Finance,333,2,3813.74
16-08-2025,manager@office.com,Training Program,Spam,867,1,923.51
26-11-2025,alice@gmail.com,Monthly Report,Personal,1026,3,3686.03
18-12-2025,david@company.com,Team Meeting,Social,181,3,4514.37
10-04-2025,support@website.com,Weekly Update,Spam,857,5,2461.17
09-08-2025,charlie@outlook.com,Training Program,Social,677,0,404.94
11-10-2025,charlie@outlook.com,Weekly Update,Notification,195,4,1480.42
22-09-2025,emma@gmail.com,Monthly Report,Social,865,1,4268.14
22-07-2025,manager@office.com,New Project,Finance,940,4,2150.62
15-09-2025,alice@gmail.com,Training Program,Personal,400,0,2977.2
07-03-2025,john@university.edu,New Project,Work,752,1,3411.92
28-11-2025,david@company.com,New Project,Personal,967,1,1312.61
14-11-2025,john@university.edu,Monthly Report,Notification,181,2,4796.69
01-05-2025,support@website.com,New Project,Personal,1088,5,4145.76
,bob@yahoo.com,Weekly Update,Spam,53,0,4647.52
04-07-2025,admin@service.com,New Project,Work,101,5,1623.74
18-10-2025,john@university.edu,Important Notice,Education,29,2,1234.64
10-05-2025,john@university.edu,Event Invitation,Notification,302,5,599.83
04-05-2025,manager@office.com,Invoice Details,Work,1417,2,
26-04-2025,admin@service.com,New Project,Spam,628,4,4950.21
20-01-2025,david@company.com,System Notification,Spam,736,2,4103.58
01-10-2025,admin@service.com,Event Invitation,Social,1346,1,887.21
22-06-2025,sarah@company.com,Project Update,Promotion,724,4,1326.28
15-06-2025,support@website.com,Job Opportunity,Education,1179,3,3942.58
06-06-2025,john@university.edu,Training Program,Education,689,4,3490.35
20-04-2025,sarah@company.com,Monthly Report,Work,1024,4,1876.65
26-09-2025,charlie@outlook.com,Holiday Plans,Spam,755,1,828.59
07-09-2025,charlie@outlook.com,Holiday Plans,Work,29,3,1371.27
08-12-2025,manager@office.com,Monthly Report,Promotion,912,1,2487.27
03-04-2025,emma@gmail.com,System Notification,Notification,45,0,4873.12
11-11-2025,john@university.edu,Meeting Schedule,Social,942,3,1144.55
14-01-2025,admin@service.com,Assignment Submission,Spam,1478,5,1872.93
29-03-2025,john@university.edu,Job Opportunity,Education,1060,0,2031.4
08-02-2025,emma@gmail.com,Monthly Report,Work,628,4,2013.13
19-05-2025,charlie@outlook.com,Important Notice,Personal,1067,5,3090.4
11-08-2025,emma@gmail.com,Team Meeting,Personal,759,2,4721.39
29-12-2025,support@website.com,New Project,Finance,765,3,354.52
18-08-2025,manager@office.com,Weekly Update,Promotion,1304,2,759.03
27-05-2025,charlie@outlook.com,Assignment Submission,Finance,259,0,4968.9
26-04-2025,charlie@outlook.com,Event Invitation,Spam,1178,5,3863.88
14-05-2025,emma@gmail.com,Meeting Schedule,Personal,1241,3,1731.71
29-08-2025,david@company.com,Holiday Plans,Promotion,867,0,2814.81
28-01-2025,bob@yahoo.com,Meeting Schedule,Notification,714,0,1247.04
27-12-2025,david@company.com,Assignment Submission,Personal,657,4,4461.75
12-07-2025,john@university.edu,Job Opportunity,Personal,1078,2,1884.76
19-01-2025,emma@gmail.com,Holiday Plans,Promotion,796,0,3793.42
06-09-2025,support@website.com,System Notification,Spam,957,2,2838.42
27-03-2025,john@university.edu,Important Notice,Notification,166,0,814.19
04-10-2025,admin@service.com,Assignment Submission,Education,1230,4,2285.43
24-11-2025,emma@gmail.com,Event Invitation,Notification,1437,5,3850.55
16-08-2025,admin@service.com,Invoice Details,Finance,653,3,4520.35
23-05-2025,support@website.com,Important Notice,Promotion,76,0,4385.81
15-04-2025,charlie@outlook.com,New Project,Social,917,5,2426.14
28-07-2025,admin@service.com,Important Notice,Work,443,3,1950.44
17-02-2025,sarah@company.com,Training Program,Spam,134,5,52.2
12-12-2025,sarah@company.com,New Project,Personal,361,1,2752.08
08-02-2025,bob@yahoo.com,Important Notice,Social,1442,2,2276.2
05-12-2025,john@university.edu,System Notification,Personal,59,2,4337.72
21-02-2025,david@company.com,Important Notice,Social,1372,2,1490.52
17-02-2025,sarah@company.com,Team Meeting,Spam,457,3,4512.7
17-08-2025,charlie@outlook.com,Project Update,Education,435,0,3114.69
01-01-2025,admin@service.com,Weekly Update,Personal,444,4,4994.94
,manager@office.com,Invoice Details,Spam,239,1,
12-12-2025,bob@yahoo.com,New Project,Finance,1205,4,203.51
07-02-2025,manager@office.com,Assignment Submission,Personal,278,2,3123.47
21-10-2025,support@website.com,New Project,Personal,297,3,4594.25
24-02-2025,bob@yahoo.com,Event Invitation,Social,1111,3,2007.08
,charlie@outlook.com,Meeting Schedule,,,0,534.1
,sarah@company.com,System Notification,Promotion,319,2,215.12
21-02-2025,david@company.com,Team Meeting,Social,560,,255.15
13-03-2025,bob@yahoo.com,Assignment Submission,Finance,641,3,4941.97
19-02-2025,support@website.com,Event Invitation,Spam,974,1,1471.35
11-07-2025,john@university.edu,New Project,Personal,1483,5,1679.78
26-07-2025,david@company.com,Payment Confirmation,Education,452,5,114.46
,admin@service.com,Important Notice,Promotion,353,0,1093.29
28-06-2025,alice@gmail.com,Important Notice,Promotion,502,3,4972.65
03-02-2025,bob@yahoo.com,Job Opportunity,Work,330,1,4056.65
16-03-2025,alice@gmail.com,Invoice Details,Social,349,2,3418.53
26-08-2025,alice@gmail.com,Assignment Submission,Social,634,5,4172.04
24-04-2025,alice@gmail.com,Monthly Report,Notification,624,1,984.98
14-02-2025,sarah@company.com,Payment Confirmation,Spam,1096,3,3846.98
26-09-2025,manager@office.com,Event Invitation,Notification,201,0,2050.26
10-11-2025,manager@office.com,Job Opportunity,Finance,1241,1,1158.41
23-12-2025,manager@office.com,Payment Confirmation,Education,869,5,499.61
05-08-2025,john@university.edu,Team Meeting,Social,466,3,1514.21
26-09-2025,charlie@outlook.com,Weekly Update,Education,670,0,2788.91
04-06-2025,david@company.com,Invoice Details,Promotion,64,5,4112.58
08-09-2025,support@website.com,Weekly Update,Work,1093,0,4196.15
25-04-2025,alice@gmail.com,Monthly Report,Spam,1399,5,2724.5
17-02-2025,manager@office.com,New Project,Finance,178,5,1626.84
02-02-2025,john@university.edu,Weekly Update,Personal,832,5,4214.54
24-04-2025,charlie@outlook.com,Project Update,Personal,1106,4,
06-12-2025,bob@yahoo.com,Holiday Plans,Social,680,1,4879.42
08-07-2025,manager@office.com,Meeting Schedule,Work,1434,5,1202.18
,alice@gmail.com,Assignment Submission,Finance,1076,0,4770.63
14-07-2025,sarah@company.com,Monthly Report,Personal,983,0,3746.38
12-09-2025,alice@gmail.com,Project Update,Notification,864,0,2787.87
18-10-2025,sarah@company.com,Invoice Details,Promotion,177,5,4119.58
11-12-2025,david@company.com,Training Program,Promotion,1407,5,4966.11
18-07-2025,john@university.edu,Weekly Update,Work,1312,5,1676.57
27-01-2025,bob@yahoo.com,Event Invitation,Work,83,1,1000.81
20-05-2025,support@website.com,Project Update,Promotion,900,0,1419.82
28-06-2025,admin@service.com,Job Opportunity,Education,1399,5,4004.06
21-04-2025,admin@service.com,Monthly Report,Work,896,5,4363.63
27-03-2025,bob@yahoo.com,Project Update,Spam,1143,0,136.69
15-01-2025,manager@office.com,Monthly Report,Finance,1191,3,3092.45
15-06-2025,admin@service.com,Project Update,Finance,708,3,2516.33
19-09-2025,charlie@outlook.com,Training Program,Promotion,820,4,3173.3
23-08-2025,support@website.com,Team Meeting,Promotion,1431,0,64.04
08-06-2025,support@website.com,Important Notice,Notification,1344,0,1013.94
13-11-2025,support@website.com,System Notification,Work,254,5,1733.31
27-12-2025,bob@yahoo.com,System Notification,Promotion,168,2,3524.17
25-11-2025,bob@yahoo.com,Training Program,Personal,109,1,897.3
12-10-2025,david@company.com,Project Update,Finance,1494,3,2445.45
03-12-2025,bob@yahoo.com,Holiday Plans,Promotion,255,2,2872.63
13-07-2025,bob@yahoo.com,Meeting Schedule,Finance,1090,,3423.42
19-04-2025,emma@gmail.com,Holiday Plans,Social,1240,5,4401.14
06-09-2025,john@university.edu,Weekly Update,Notification,358,3,4598.11
22-07-2025,manager@office.com,Important Notice,Promotion,921,2,2155.93
19-01-2025,admin@service.com,Weekly Update,Work,985,4,233.78
11-07-2025,support@website.com,Important Notice,Notification,1241,1,2876.16
24-12-2025,admin@service.com,Weekly Update,Personal,390,2,4906.6
19-04-2025,emma@gmail.com,Holiday Plans,Social,1240,5,4401.14
22-03-2025,alice@gmail.com,Important Notice,Finance,1430,1,4411.33
04-07-2025,alice@gmail.com,Payment Confirmation,Education,581,0,4871.6
16-08-2025,sarah@company.com,Monthly Report,Notification,406,0,4474.3
11-12-2025,alice@gmail.com,Important Notice,Social,26,5,1093.42
19-05-2025,john@university.edu,Project Update,Promotion,314,0,689.06
31-03-2025,emma@gmail.com,Holiday Plans,Promotion,892,5,583.93
02-09-2025,manager@office.com,System Notification,Finance,481,2,1766.79
30-03-2025,charlie@outlook.com,Project Update,Notification,1366,4,3032.77
13-06-2025,bob@yahoo.com,Training Program,Social,634,1,3560.49
29-01-2025,manager@office.com,Payment Confirmation,Promotion,1157,4,98.5
19-07-2025,support@website.com,Event Invitation,Finance,1019,1,1368.31
18-01-2025,support@website.com,Event Invitation,Education,266,3,868.53
08-12-2025,sarah@company.com,Payment Confirmation,Social,1155,1,963.24
13-07-2025,alice@gmail.com,Event Invitation,Education,706,4,4357.17
25-11-2025,support@website.com,New Project,Work,43,5,4672.19
17-02-2025,david@company.com,Weekly Update,Promotion,698,2,1471.4
10-02-2025,admin@service.com,Weekly Update,Social,1001,1,1014.33
31-07-2025,support@website.com,Team Meeting,Education,778,4,2776.78
11-06-2025,bob@yahoo.com,Invoice Details,Promotion,455,5,2498.66
14-08-2025,emma@gmail.com,Assignment Submission,Education,580,0,81.21
,support@website.com,Payment Confirmation,Social,301,0,3080.31
05-12-2025,admin@service.com,Job Opportunity,Notification,361,5,2222.32
03-06-2025,charlie@outlook.com,Weekly Update,Education,160,4,2818.64
19-04-2025,support@website.com,Team Meeting,Education,1206,1,4624.45
27-11-2025,support@website.com,Job Opportunity,Social,1434,0,4240.22
11-07-2025,support@website.com,Team Meeting,Spam,109,2,4491.92
08-08-2025,sarah@company.com,Holiday Plans,Work,1374,1,1241.83
13-08-2025,charlie@outlook.com,New Project,Notification,1029,3,1759.4
14-09-2025,manager@office.com,New Project,Education,825,3,1620.69
21-09-2025,support@website.com,Assignment Submission,Work,1305,5,2583.54
10-03-2025,sarah@company.com,Team Meeting,Personal,1185,5,2455.32
22-05-2025,bob@yahoo.com,Event Invitation,Education,1423,3,2490.09
26-02-2025,admin@service.com,Assignment Submission,Personal,1067,0,3619.2
08-01-2025,david@company.com,Payment Confirmation,Personal,1000,1,3479.65
01-09-2025,charlie@outlook.com,Meeting Schedule,Spam,1396,0,1984.87
08-10-2025,manager@office.com,Training Program,Education,356,2,4273.16
11-11-2025,charlie@outlook.com,Holiday Plans,Personal,508,2,589.16
08-01-2025,david@company.com,Payment Confirmation,Finance,438,0,889.51
18-03-2025,manager@office.com,Job Opportunity,Finance,1345,2,2496.96
08-10-2025,sarah@company.com,New Project,Notification,828,1,820.53
12-04-2025,support@website.com,Invoice Details,Education,564,1,361.69
14-06-2025,sarah@company.com,Important Notice,Finance,580,3,4818.15
06-09-2025,bob@yahoo.com,Team Meeting,Social,945,4,1843.89
11-06-2025,bob@yahoo.com,Assignment Submission,Notification,1354,4,1271.9
01-02-2025,sarah@company.com,System Notification,Promotion,1470,0,4119.1
18-12-2025,admin@service.com,New Project,Promotion,1058,2,
08-02-2025,manager@office.com,Project Update,Education,236,1,2250.59
19-03-2025,bob@yahoo.com,Project Update,Promotion,1128,3,4853.67
28-04-2025,david@company.com,Team Meeting,Promotion,547,3,4832.71
17-01-2025,charlie@outlook.com,Job Opportunity,Education,1035,3,3852.99
18-05-2025,john@university.edu,System Notification,Social,656,2,4215.02
18-01-2025,john@university.edu,Monthly Report,Personal,171,2,854.68
16-06-2025,sarah@company.com,System Notification,Promotion,1266,1,2817.91
14-02-2025,bob@yahoo.com,Event Invitation,Finance,449,5,2941.68
03-10-2025,bob@yahoo.com,Training Program,Notification,418,3,1592.2
22-11-2025,support@website.com,Weekly Update,Social,731,3,2700.64
,admin@service.com,Job Opportunity,Finance,687,3,1405.1
25-09-2025,emma@gmail.com,Team Meeting,Work,1428,3,4735.05
25-12-2025,john@university.edu,Training Program,Finance,268,1,3961.37
13-04-2025,emma@gmail.com,Meeting Schedule,Spam,1360,0,337.66
12-06-2025,emma@gmail.com,New Project,Notification,1490,2,4951.49
28-02-2025,support@website.com,Payment Confirmation,Social,70,4,4111.43
28-11-2025,bob@yahoo.com,New Project,Personal,644,0,1691.28
25-02-2025,support@website.com,,Work,980,0,4543.1
04-03-2025,admin@service.com,Event Invitation,Education,958,2,784.49
15-08-2025,john@university.edu,Assignment Submission,Social,78,5,4073.8
22-10-2025,john@university.edu,Weekly Update,Personal,941,3,3402.14
26-06-2025,support@website.com,Assignment Submission,Education,396,1,3086.34
10-02-2025,sarah@company.com,New Project,Notification,1277,5,2607.42
24-12-2025,manager@office.com,Meeting Schedule,Promotion,,4,714.8
17-04-2025,sarah@company.com,Event Invitation,Notification,1181,2,2724.91
14-12-2025,support@website.com,Weekly Update,Social,113,1,1979.34
28-10-2025,admin@service.com,System Notification,Education,934,4,2424.29
26-04-2025,emma@gmail.com,System Notification,Personal,533,1,3177.11
20-03-2025,john@university.edu,Holiday Plans,Personal,207,0,4715.09
13-11-2025,sarah@company.com,Assignment Submission,Education,390,5,3856.63
30-09-2025,david@company.com,Invoice Details,Spam,728,1,1381.87
02-04-2025,charlie@outlook.com,Payment Confirmation,Spam,754,0,1098
14-12-2025,charlie@outlook.com,Project Update,Finance,1341,2,1813.94
31-03-2025,sarah@company.com,Training Program,Spam,116,2,4708.22
07-12-2025,charlie@outlook.com,Weekly Update,Spam,157,0,4159.7
12-10-2025,sarah@company.com,Invoice Details,Education,326,3,4029.31
23-10-2025,alice@gmail.com,New Project,Promotion,732,3,2085.53
09-01-2025,bob@yahoo.com,Important Notice,Social,1429,5,138.1
29-07-2025,charlie@outlook.com,Weekly Update,,515,2,3295.02
09-02-2025,support@website.com,Holiday Plans,Notification,663,5,1397.06
01-03-2025,support@website.com,Assignment Submission,Notification,949,2,3354.08
18-07-2025,charlie@outlook.com,Assignment Submission,Finance,483,0,2045.9
15-01-2025,alice@gmail.com,Monthly Report,Promotion,787,3,732.12
08-11-2025,support@website.com,Payment Confirmation,Finance,354,3,1900.38
21-07-2025,david@company.com,Invoice Details,Promotion,119,0,1410.37
22-10-2025,emma@gmail.com,Holiday Plans,Education,440,4,3537.14
11-08-2025,manager@office.com,Job Opportunity,Work,653,5,3709.76
26-05-2025,admin@service.com,Job Opportunity,Spam,1006,1,1100.72
28-02-2025,bob@yahoo.com,Job Opportunity,Work,658,4,3388.35
24-01-2025,manager@office.com,System Notification,Personal,952,3,4431.25
27-09-2025,alice@gmail.com,Weekly Update,Promotion,686,3,2338.63
09-11-2025,admin@service.com,Holiday Plans,Finance,1306,5,761.11
30-07-2025,admin@service.com,System Notification,Finance,197,0,704.37
01-10-2025,sarah@company.com,Event Invitation,Work,1090,0,131.23
15-04-2025,emma@gmail.com,Training Program,Spam,1295,5,4961.55
28-07-2025,bob@yahoo.com,Team Meeting,Personal,1346,1,2494.39
25-10-2025,manager@office.com,Invoice Details,Work,1149,2,2719.63
06-12-2025,manager@office.com,Weekly Update,Education,1072,1,2233.87
07-06-2025,john@university.edu,Payment Confirmation,Work,576,3,438.55
08-04-2025,bob@yahoo.com,Event Invitation,Notification,115,5,4188.14
,manager@office.com,Monthly Report,Work,207,1,4809.75
19-02-2025,david@company.com,Training Program,Notification,408,1,2633.33
19-06-2025,david@company.com,Project Update,Social,1288,0,4501.09
07-02-2025,emma@gmail.com,Event Invitation,,58,3,748.53
21-07-2025,manager@office.com,Meeting Schedule,Notification,1376,1,1187.67
16-03-2025,manager@office.com,Training Program,Education,162,2,3864.51
10-03-2025,manager@office.com,System Notification,Promotion,597,1,426.57
25-01-2025,sarah@company.com,System Notification,Spam,1061,1,3460.63
06-09-2025,charlie@outlook.com,Event Invitation,Spam,241,0,1257.2
08-09-2025,charlie@outlook.com,Training Program,Promotion,682,5,2344.63
15-11-2025,bob@yahoo.com,Holiday Plans,Promotion,,0,2006.88
23-07-2025,alice@gmail.com,Monthly Report,Work,1080,1,4967.09
05-10-2025,alice@gmail.com,Event Invitation,Notification,399,0,3100.57
25-01-2025,emma@gmail.com,Team Meeting,Education,1286,1,3560.5
23-02-2025,john@university.edu,Payment Confirmation,Personal,507,2,4911.99
16-05-2025,john@university.edu,New Project,Personal,520,2,1428.51
04-02-2025,bob@yahoo.com,Meeting Schedule,Promotion,1347,0,3387.31
08-01-2025,david@company.com,Payment Confirmation,Finance,438,0,889.51
26-09-2025,support@website.com,Training Program,Work,819,3,222.45
10-12-2025,support@website.com,Holiday Plans,Notification,856,1,1502.94
31-05-2025,charlie@outlook.com,Assignment Submission,Notification,1253,5,4432.75
21-01-2025,manager@office.com,Important Notice,,52,3,408.21
04-10-2025,charlie@outlook.com,Project Update,Work,289,0,1794.42
26-06-2025,john@university.edu,Training Program,Personal,673,1,2335.03
20-06-2025,support@website.com,Important Notice,Spam,679,1,4903.97
22-05-2025,charlie@outlook.com,Invoice Details,Education,1476,2,4143.27
05-04-2025,charlie@outlook.com,Monthly Report,Social,976,5,4681.23
29-03-2025,sarah@company.com,Weekly Update,Promotion,1178,0,4474.48
21-07-2025,manager@office.com,Invoice Details,Education,1416,4,139.45
28-04-2025,charlie@outlook.com,Project Update,Finance,1061,3,3931.48
25-04-2025,david@company.com,System Notification,Social,609,5,2473.37
27-01-2025,emma@gmail.com,Holiday Plans,Personal,1203,4,1067.63
26-07-2025,support@website.com,New Project,Work,375,1,4376.53
03-03-2025,emma@gmail.com,System Notification,Work,460,,745.88
07-09-2025,bob@yahoo.com,Important Notice,Social,,5,4783.19
24-10-2025,alice@gmail.com,Payment Confirmation,Promotion,137,0,2922.97
12-09-2025,charlie@outlook.com,Meeting Schedule,Personal,128,0,2493.18
26-08-2025,sarah@company.com,Important Notice,Education,815,1,1278.7
04-07-2025,emma@gmail.com,System Notification,Education,295,0,363.37
,john@university.edu,Important Notice,Social,949,4,3029.11
05-08-2025,support@website.com,Payment Confirmation,Education,1156,1,2450.76
27-09-2025,bob@yahoo.com,Team Meeting,Spam,761,4,2970.36
18-12-2025,emma@gmail.com,Payment Confirmation,Personal,1328,2,1840.88
28-02-2025,john@university.edu,Assignment Submission,Spam,1432,2,445.21
,emma@gmail.com,Job Opportunity,Education,1326,4,4528.36
24-09-2025,manager@office.com,Project Update,Work,1067,5,4832.59
07-08-2025,manager@office.com,Holiday Plans,Spam,1130,1,1037.75
05-02-2025,charlie@outlook.com,,Spam,1145,1,1328.96
19-03-2025,alice@gmail.com,Monthly Report,Notification,1417,4,4658.95
03-10-2025,admin@service.com,Important Notice,Spam,518,2,4806.39
22-06-2025,david@company.com,Assignment Submission,Notification,895,4,1642.99
08-07-2025,sarah@company.com,Weekly Update,Personal,1415,0,1213.48
23-08-2025,support@website.com,Team Meeting,Promotion,1431,0,64.04
18-03-2025,charlie@outlook.com,Assignment Submission,Work,879,2,1551.04
25-04-2025,john@university.edu,System Notification,Promotion,1017,3,4436.42
20-08-2025,manager@office.com,Meeting Schedule,Social,958,5,4820.31
14-04-2025,sarah@company.com,Holiday Plans,Personal,1421,4,2731.69
30-05-2025,emma@gmail.com,Important Notice,Spam,987,1,2286.65
27-02-2025,sarah@company.com,Team Meeting,Finance,588,1,1818.18
19-06-2025,admin@service.com,Project Update,Spam,51,5,725.06
18-10-2025,bob@yahoo.com,Payment Confirmation,Education,142,1,4070.02
28-01-2025,sarah@company.com,Assignment Submission,Spam,1282,2,1565.64
11-01-2025,david@company.com,Assignment Submission,Spam,1391,0,2822.03
16-02-2025,alice@gmail.com,Invoice Details,Spam,179,1,2970.43
06-08-2025,admin@service.com,Important Notice,Promotion,482,1,2126.74
24-02-2025,david@company.com,Invoice Details,Personal,824,1,2287.94
25-04-2025,john@university.edu,System Notification,Promotion,1017,3,4436.42
07-05-2025,manager@office.com,Invoice Details,Education,1194,0,2091.77
30-08-2025,charlie@outlook.com,Assignment Submission,Work,1152,5,3704.63
15-10-2025,manager@office.com,Invoice Details,Personal,1321,3,4547.39
22-01-2025,manager@office.com,Weekly Update,Finance,678,4,2380.77
07-11-2025,support@website.com,Event Invitation,Finance,1480,2,1997.97
14-09-2025,john@university.edu,Project Update,Notification,106,3,98.61
18-02-2025,david@company.com,Team Meeting,Notification,1415,2,4681.4
16-06-2025,bob@yahoo.com,New Project,Work,338,1,3773.41
21-06-2025,alice@gmail.com,Training Program,Promotion,125,0,1917.86
01-08-2025,support@website.com,Monthly Report,Work,599,5,1496.29
,emma@gmail.com,Invoice Details,Spam,781,2,3849.9
28-03-2025,manager@office.com,Important Notice,Social,325,0,4790.37
05-06-2025,sarah@company.com,Event Invitation,Promotion,972,3,2213.59
27-11-2025,sarah@company.com,Invoice Details,Social,182,3,3128.49
03-08-2025,david@company.com,Important Notice,Promotion,575,0,2859.82
07-10-2025,emma@gmail.com,Team Meeting,Social,1194,5,739.68
29-08-2025,alice@gmail.com,New Project,Personal,58,2,1082.2
03-01-2025,sarah@company.com,Invoice Details,Education,1445,4,2325.43
29-11-2025,sarah@company.com,Training Program,Personal,666,3,4334.53
25-07-2025,charlie@outlook.com,Assignment Submission,Spam,682,1,39.12
07-02-2025,admin@service.com,Meeting Schedule,Work,775,2,388.27
17-12-2025,bob@yahoo.com,Event Invitation,Work,731,4,
29-01-2025,charlie@outlook.com,Monthly Report,Education,351,2,4674.02
22-01-2025,admin@service.com,Payment Confirmation,Education,780,,1247.37
16-06-2025,,Project Update,Spam,251,2,2395.87
06-03-2025,bob@yahoo.com,System Notification,Finance,1220,1,4066.2
24-05-2025,alice@gmail.com,Assignment Submission,Promotion,52,1,2937.25
15-09-2025,david@company.com,Event Invitation,Personal,874,3,4580.58
05-09-2025,admin@service.com,Assignment Submission,Notification,754,4,148.94
13-05-2025,support@website.com,Training Program,Finance,932,2,1958.72
23-12-2025,admin@service.com,Invoice Details,Personal,1163,0,3467.33
08-03-2025,charlie@outlook.com,New Project,Promotion,141,0,742.82
10-12-2025,john@university.edu,System Notification,Work,476,3,1663.2
05-06-2025,bob@yahoo.com,Training Program,Notification,1261,4,3954.75
05-11-2025,,Team Meeting,Work,699,4,1011.31
17-08-2025,john@university.edu,Job Opportunity,Notification,582,5,4900.24
27-02-2025,admin@service.com,Weekly Update,Social,1491,1,75.35
19-12-2025,bob@yahoo.com,Important Notice,Finance,1006,2,3320.23
15-11-2025,bob@yahoo.com,Invoice Details,Promotion,1145,2,1358.91
04-03-2025,sarah@company.com,Weekly Update,Spam,148,0,4184.26
31-07-2025,admin@service.com,Project Update,Education,30,4,4889.66
20-03-2025,sarah@company.com,Team Meeting,Personal,474,3,1452.47
09-10-2025,admin@service.com,,Social,534,1,607.68
31-12-2025,sarah@company.com,Training Program,Work,1406,2,1304.53
16-08-2025,admin@service.com,Monthly Report,Education,888,5,4482.66
31-01-2025,manager@office.com,Invoice Details,Work,378,3,4411.81
27-12-2025,emma@gmail.com,System Notification,Social,1205,4,2852.95
10-10-2025,john@university.edu,New Project,Personal,1115,1,4288.95
25-10-2025,manager@office.com,Payment Confirmation,Promotion,1174,0,4127.06
31-12-2025,bob@yahoo.com,Monthly Report,Education,1174,1,2835.65
23-08-2025,manager@office.com,System Notification,Work,1007,0,1292.81
13-09-2025,manager@office.com,,Work,142,2,3224.65
25-07-2025,john@university.edu,Payment Confirmation,Finance,120,5,2378.71
08-07-2025,sarah@company.com,System Notification,Finance,62,0,4615.95
09-10-2025,support@website.com,Event Invitation,Finance,526,5,3774.92
22-01-2025,sarah@company.com,Payment Confirmation,Promotion,827,4,
06-07-2025,bob@yahoo.com,New Project,Social,689,5,2080.44
09-08-2025,bob@yahoo.com,New Project,Spam,1485,2,
17-12-2025,charlie@outlook.com,Team Meeting,Spam,251,3,2206.24
17-12-2025,sarah@company.com,Holiday Plans,Spam,1340,5,312.1
24-07-2025,sarah@company.com,Training Program,Notification,1449,1,3811.35
15-08-2025,david@company.com,Payment Confirmation,Spam,206,4,2230.19
20-07-2025,charlie@outlook.com,Job Opportunity,Promotion,1272,1,3200.04
22-05-2025,john@university.edu,Event Invitation,Education,1324,2,812.1
14-03-2025,john@university.edu,Training Program,Education,918,1,4628.75
05-09-2025,manager@office.com,System Notification,Personal,1239,5,1505.46
07-05-2025,john@university.edu,Team Meeting,Notification,341,0,1737.17
17-08-2025,charlie@outlook.com,Monthly Report,Finance,1013,1,3997.86
23-01-2025,support@website.com,Meeting Schedule,Notification,1107,3,2398.95
12-06-2025,john@university.edu,Job Opportunity,Social,1440,4,766.21
31-07-2025,david@company.com,Project Update,Spam,1218,3,276.43
24-01-2025,charlie@outlook.com,Weekly Update,Education,693,2,4473.17
09-12-2025,support@website.com,Assignment Submission,Spam,517,3,4038.45
25-08-2025,sarah@company.com,Weekly Update,Education,401,5,3288.25
17-04-2025,admin@service.com,Training Program,Notification,662,1,
14-11-2025,david@company.com,Weekly Update,Social,480,1,741.03
12-07-2025,charlie@outlook.com,Job Opportunity,Notification,403,4,588.64
11-03-2025,support@website.com,Monthly Report,Education,,5,4435.46
22-10-2025,emma@gmail.com,Assignment Submission,Work,319,2,2307.91
12-10-2025,admin@service.com,Assignment Submission,Finance,627,1,4843.7
03-02-2025,david@company.com,System Notification,Notification,232,1,2691.08
08-05-2025,admin@service.com,Project Update,Work,980,1,4357.86
17-10-2025,admin@service.com,Holiday Plans,Personal,1000,0,701.42
15-01-2025,david@company.com,Payment Confirmation,Education,656,4,73.3
17-07-2025,admin@service.com,Training Program,Social,1153,0,3403.02
18-04-2025,john@university.edu,Holiday Plans,Notification,592,3,903.55
06-12-2025,charlie@outlook.com,Monthly Report,Personal,239,5,2768.35
26-12-2025,bob@yahoo.com,Assignment Submission,Spam,496,,4908.47
24-03-2025,support@website.com,Meeting Schedule,Education,134,1,1295.01
29-09-2025,sarah@company.com,Team Meeting,Promotion,342,2,
12-04-2025,support@website.com,Project Update,Spam,1182,1,469.12
22-01-2025,alice@gmail.com,Meeting Schedule,Personal,662,4,1493.41
04-09-2025,admin@service.com,Important Notice,Finance,1169,4,4985.41
08-05-2025,john@university.edu,Monthly Report,Personal,1495,0,245.5
21-12-2025,manager@office.com,Holiday Plans,Spam,1153,4,1722.07
14-10-2025,john@university.edu,Weekly Update,Personal,475,2,1120.52
10-06-2025,alice@gmail.com,System Notification,Personal,44,3,493.01
08-04-2025,sarah@company.com,Weekly Update,Work,169,1,4024.23
15-01-2025,bob@yahoo.com,Project Update,Finance,1497,3,2965.57
25-05-2025,bob@yahoo.com,Team Meeting,Finance,1267,1,3890.9
12-12-2025,david@company.com,Payment Confirmation,Notification,506,4,3922.61
01-05-2025,john@university.edu,Training Program,Promotion,144,3,1383.03
28-01-2025,john@university.edu,Job Opportunity,Spam,1300,3,3801.15
29-10-2025,alice@gmail.com,System Notification,Notification,1090,3,4828.31
29-01-2025,sarah@company.com,Holiday Plans,Education,380,1,2964.63
01-05-2025,manager@office.com,Important Notice,Promotion,1477,3,2033.13
22-02-2025,charlie@outlook.com,Project Update,Promotion,427,2,1005.32
17-01-2025,bob@yahoo.com,Important Notice,Spam,664,3,2215.57
10-12-2025,admin@service.com,New Project,Spam,267,1,1127.36
08-02-2025,support@website.com,Project Update,Work,1355,4,4180.96
04-11-2025,david@company.com,Project Update,Education,413,0,1231.71
24-11-2025,emma@gmail.com,Invoice Details,Finance,305,5,516.96
26-01-2025,manager@office.com,Important Notice,Notification,1036,0,1916.73
04-04-2025,bob@yahoo.com,Weekly Update,Spam,1285,3,1364.31
02-11-2025,support@website.com,Project Update,Social,450,5,3708.45
01-03-2025,support@website.com,System Notification,Work,1366,4,2312.57
11-07-2025,john@university.edu,Event Invitation,Finance,56,5,25.6
26-03-2025,sarah@company.com,Monthly Report,Spam,604,,3484.47
02-05-2025,emma@gmail.com,Invoice Details,Social,378,0,1874.21
28-03-2025,emma@gmail.com,Event Invitation,Work,607,3,417.14
10-06-2025,sarah@company.com,Assignment Submission,Social,956,2,4645.45
23-06-2025,support@website.com,Invoice Details,Finance,34,0,3540.67
08-05-2025,charlie@outlook.com,Training Program,Notification,236,5,2884.94
10-12-2025,support@website.com,Project Update,Notification,1061,2,96.06
10-04-2025,manager@office.com,Team Meeting,Spam,597,3,2517.02
27-12-2025,john@university.edu,Weekly Update,Spam,1461,5,11.81
20-12-2025,support@website.com,System Notification,Social,972,4,395.78
17-03-2025,emma@gmail.com,System Notification,Notification,860,2,4301.63
24-05-2025,manager@office.com,Project Update,Education,218,3,1869.13
20-09-2025,john@university.edu,Important Notice,Promotion,623,2,841.7
31-08-2025,manager@office.com,Job Opportunity,Finance,1497,0,2919.7
09-09-2025,support@website.com,Monthly Report,Notification,474,4,645.59
17-12-2025,alice@gmail.com,Meeting Schedule,Social,435,4,4344.91
07-02-2025,john@university.edu,Payment Confirmation,Personal,1128,0,4673.24
19-01-2025,admin@service.com,Weekly Update,Work,985,4,233.78
11-10-2025,manager@office.com,New Project,Education,213,0,2304.55
19-12-2025,emma@gmail.com,Meeting Schedule,Finance,610,5,1417.18
11-02-2025,,Important Notice,Education,1466,1,325.82
14-05-2025,david@company.com,Job Opportunity,Social,1441,3,1004.89
30-11-2025,emma@gmail.com,Holiday Plans,Finance,1001,2,892.3
21-07-2025,john@university.edu,Project Update,Spam,1190,5,251.31
07-01-2025,john@university.edu,Assignment Submission,Notification,1184,3,1830.24
31-01-2025,bob@yahoo.com,System Notification,Spam,959,3,860.15
17-04-2025,admin@service.com,Holiday Plans,Finance,25,0,3359.81
08-05-2025,john@university.edu,Monthly Report,Education,230,3,2519.17
03-11-2025,bob@yahoo.com,Training Program,Education,940,2,4098
08-12-2025,support@website.com,New Project,Notification,1291,5,776.99
03-07-2025,,Important Notice,Finance,899,1,2476.1
01-11-2025,manager@office.com,Weekly Update,Work,521,5,225.96
03-11-2025,david@company.com,Monthly Report,Finance,301,2,1450.79
21-03-2025,bob@yahoo.com,Training Program,Work,1375,2,4382.58
20-01-2025,bob@yahoo.com,Team Meeting,Work,1008,4,774.62
08-01-2025,john@university.edu,Important Notice,Social,1040,2,2321.1
18-10-2025,charlie@outlook.com,Weekly Update,Spam,779,2,2222.48
12-08-2025,john@university.edu,Assignment Submission,Promotion,477,5,2946.81
06-09-2025,john@university.edu,Weekly Update,Notification,358,3,4598.11
14-11-2025,manager@office.com,Weekly Update,Finance,1247,5,613.34
18-07-2025,sarah@company.com,New Project,Social,636,0,4681.93
14-06-2025,alice@gmail.com,Job Opportunity,Education,707,0,608.12
03-12-2025,david@company.com,Meeting Schedule,Finance,1279,1,3371.75
27-11-2025,sarah@company.com,Team Meeting,Notification,789,0,3415.24
27-02-2025,david@company.com,Job Opportunity,Education,609,0,1719.64
04-08-2025,alice@gmail.com,Payment Confirmation,Notification,489,3,3948.83
03-05-2025,david@company.com,System Notification,Notification,109,2,3724.8
19-11-2025,admin@service.com,Payment Confirmation,Social,894,4,4239.75
09-03-2025,charlie@outlook.com,Training Program,Promotion,1474,,3805.07
15-01-2025,emma@gmail.com,Team Meeting,Personal,1246,5,1811.99
05-07-2025,alice@gmail.com,Invoice Details,Personal,195,5,2432.52
29-11-2025,manager@office.com,Weekly Update,Notification,674,3,2394.44
24-11-2025,david@company.com,Invoice Details,Social,586,4,1599.15
22-03-2025,admin@service.com,Team Meeting,Finance,608,2,1430.65
25-05-2025,sarah@company.com,System Notification,Work,990,1,2669.67
05-12-2025,john@university.edu,Payment Confirmation,Personal,1006,5,2396.68
16-05-2025,sarah@company.com,Holiday Plans,Work,840,0,2853.56
05-03-2025,sarah@company.com,Holiday Plans,Notification,664,1,1242.69
11-12-2025,alice@gmail.com,Important Notice,Social,26,5,1093.42
16-03-2025,emma@gmail.com,New Project,,1445,1,3795.41
20-06-2025,bob@yahoo.com,System Notification,Education,1450,2,2534.14
,,Holiday Plans,Work,1032,2,913.29
15-05-2025,alice@gmail.com,Event Invitation,Notification,1057,2,3144.71
16-02-2025,support@website.com,Important Notice,Spam,1208,4,4771.39
13-10-2025,alice@gmail.com,Important Notice,Personal,739,5,4815.77
17-05-2025,bob@yahoo.com,System Notification,Social,179,1,4803.13
19-08-2025,john@university.edu,Meeting Schedule,Promotion,1496,0,2030.51
07-01-2025,manager@office.com,Training Program,Notification,250,3,752.46
10-10-2025,alice@gmail.com,Important Notice,Finance,933,2,466.94
02-04-2025,emma@gmail.com,Job Opportunity,Education,952,5,2896.94
08-04-2025,sarah@company.com,Holiday Plans,Notification,861,3,4319.86
28-11-2025,john@university.edu,System Notification,Work,1362,2,1369.72
01-01-2025,david@company.com,Job Opportunity,Notification,403,5,3342.73
17-12-2025,admin@service.com,Project Update,Work,343,3,2081.03
04-02-2025,emma@gmail.com,Event Invitation,Social,1231,0,1762.95
08-04-2025,admin@service.com,Event Invitation,Education,1275,2,1616.39
29-11-2025,sarah@company.com,Weekly Update,Social,1452,1,2149.01
21-05-2025,emma@gmail.com,Invoice Details,Social,707,2,4465.67
08-05-2025,admin@service.com,Invoice Details,Work,427,3,3677.94
16-09-2025,admin@service.com,System Notification,Education,173,,1606.57
29-10-2025,admin@service.com,Team Meeting,Education,1041,0,2654.17
30-09-2025,manager@office.com,Job Opportunity,Spam,420,1,3409.18
05-06-2025,emma@gmail.com,Assignment Submission,Finance,238,1,927.81
18-11-2025,manager@office.com,Payment Confirmation,Promotion,293,0,1764.73
28-02-2025,charlie@outlook.com,Team Meeting,Notification,1170,0,1312.57
21-10-2025,bob@yahoo.com,Invoice Details,Work,110,0,1226.53
24-04-2025,admin@service.com,Assignment Submission,Spam,1260,2,2082.15
12-08-2025,manager@office.com,Team Meeting,Education,813,2,686.34
14-02-2025,support@website.com,Weekly Update,Finance,874,1,2866.63
08-09-2025,john@university.edu,Job Opportunity,Notification,1271,3,2937.09
01-10-2025,manager@office.com,Meeting Schedule,Personal,1358,0,245.93
19-02-2025,john@university.edu,System Notification,Notification,1270,5,4292.49
09-12-2025,admin@service.com,System Notification,Work,951,3,3860.32
23-03-2025,alice@gmail.com,Meeting Schedule,Promotion,603,1,2176.18
23-04-2025,bob@yahoo.com,Event Invitation,Education,871,4,2687.49
04-09-2025,admin@service.com,New Project,Promotion,967,3,
02-09-2025,sarah@company.com,Event Invitation,Social,1242,1,3984.85
03-04-2025,manager@office.com,Job Opportunity,Work,1493,5,3310.42
19-07-2025,support@website.com,Holiday Plans,Notification,306,5,3622.2
30-06-2025,emma@gmail.com,Invoice Details,Social,146,5,1292.11
07-09-2025,bob@yahoo.com,Important Notice,Social,,5,4783.19
05-12-2025,david@company.com,,Personal,340,0,2045.55
02-12-2025,admin@service.com,Event Invitation,Social,713,4,3465.06
26-10-2025,support@website.com,Important Notice,Education,622,0,1849.27
04-06-2025,manager@office.com,Training Program,Promotion,169,5,1592.71
16-09-2025,john@university.edu,Payment Confirmation,Work,788,5,1282.67
26-06-2025,support@website.com,Weekly Update,Education,284,3,2516.8
20-04-2025,support@website.com,New Project,Social,757,3,2240.26
18-11-2025,,Job Opportunity,Finance,1462,0,233.89
27-11-2025,admin@service.com,Payment Confirmation,Finance,63,5,1891.96
16-12-2025,admin@service.com,Event Invitation,Personal,54,4,342.33
,bob@yahoo.com,Payment Confirmation,Social,872,5,4038.02
,support@website.com,System Notification,Promotion,1477,5,4677.88
17-01-2025,admin@service.com,Invoice Details,Personal,85,4,3210.55
18-07-2025,support@website.com,Job Opportunity,Social,120,2,1107.51
05-06-2025,sarah@company.com,Event Invitation,Promotion,972,3,2213.59
22-08-2025,sarah@company.com,Payment Confirmation,Spam,883,5,4431.19
07-04-2025,emma@gmail.com,Assignment Submission,Spam,97,0,285.56
20-04-2025,charlie@outlook.com,Weekly Update,Personal,601,4,3320.95
11-02-2025,manager@office.com,Job Opportunity,,554,1,3350.28
27-09-2025,support@website.com,Meeting Schedule,Promotion,826,5,3880.64
10-04-2025,emma@gmail.com,Invoice Details,Promotion,280,0,3462.59
05-10-2025,admin@service.com,Holiday Plans,Promotion,1028,4,4344.5
31-12-2025,charlie@outlook.com,Weekly Update,Spam,919,0,1012.53
02-03-2025,charlie@outlook.com,Payment Confirmation,Work,672,3,4806.17
31-07-2025,admin@service.com,Important Notice,Notification,214,2,2136.69
02-10-2025,john@university.edu,Job Opportunity,Social,1413,3,3776.08
03-07-2025,emma@gmail.com,Important Notice,Work,1314,5,457.88
23-01-2025,alice@gmail.com,Event Invitation,Personal,273,4,1030.98
20-11-2025,david@company.com,Job Opportunity,Social,1426,2,4606.35
03-10-2025,bob@yahoo.com,Training Program,Notification,418,3,1592.2
04-12-2025,support@website.com,Job Opportunity,Finance,822,2,
02-07-2025,emma@gmail.com,Training Program,Personal,1072,1,3833.38
24-05-2025,charlie@outlook.com,Assignment Submission,Promotion,1252,5,4085.69
26-11-2025,emma@gmail.com,Assignment Submission,Finance,,4,1317.39
02-02-2025,sarah@company.com,Monthly Report,Social,1343,1,1285.95
30-09-2025,david@company.com,Training Program,Spam,1168,5,112.33
27-09-2025,support@website.com,Event Invitation,Work,803,5,1798.76
14-05-2025,david@company.com,Meeting Schedule,Personal,973,2,802.79
26-03-2025,admin@service.com,Event Invitation,Social,713,0,2344.32
19-11-2025,emma@gmail.com,Team Meeting,Notification,643,2,2309.43
29-05-2025,support@website.com,Training Program,Personal,832,2,2513.33
29-01-2025,manager@office.com,Assignment Submission,Promotion,342,2,3867.78
04-01-2025,david@company.com,Payment Confirmation,Social,861,4,2883.88
17-04-2025,charlie@outlook.com,Meeting Schedule,Promotion,95,1,4269.88
31-08-2025,emma@gmail.com,Important Notice,Education,1286,4,3405.66
12-03-2025,david@company.com,System Notification,Education,652,5,3527.16
23-02-2025,john@university.edu,Invoice Details,Social,535,1,175.04
31-01-2025,alice@gmail.com,System Notification,Promotion,165,4,1193.83
27-11-2025,emma@gmail.com,System Notification,Education,1123,1,1319.86
17-01-2025,charlie@outlook.com,Meeting Schedule,Social,823,0,2718.24
22-04-2025,emma@gmail.com,Event Invitation,Promotion,363,4,3038.2
26-03-2025,support@website.com,Assignment Submission,Education,697,4,2134.72
29-09-2025,charlie@outlook.com,Assignment Submission,Education,181,4,4354.84
07-10-2025,,Meeting Schedule,Work,211,1,1167.14
23-10-2025,john@university.edu,Project Update,Education,594,0,1699.07
04-10-2025,alice@gmail.com,Job Opportunity,Promotion,1020,0,563.78
08-04-2025,charlie@outlook.com,Important Notice,Education,590,3,1252.78
14-09-2025,alice@gmail.com,Project Update,Notification,495,0,1706.26
07-06-2025,john@university.edu,Holiday Plans,Social,1219,2,2321.48
01-05-2025,bob@yahoo.com,Payment Confirmation,Spam,254,4,2982.4
07-02-2025,bob@yahoo.com,Monthly Report,Personal,424,5,2905.08
25-08-2025,admin@service.com,Event Invitation,Social,1438,0,4095.73
12-07-2025,david@company.com,Project Update,Finance,228,5,3863.54
30-11-2025,charlie@outlook.com,Training Program,Finance,136,4,2023.47
22-01-2025,manager@office.com,Team Meeting,Social,115,0,3423.72
,david@company.com,Important Notice,Promotion,590,0,4834.61
06-06-2025,alice@gmail.com,Monthly Report,Social,953,5,2603.84
15-03-2025,sarah@company.com,Project Update,Education,1316,0,463.33
07-08-2025,david@company.com,New Project,Education,583,2,2232.83
20-10-2025,david@company.com,Weekly Update,,1407,1,1349.07
09-04-2025,bob@yahoo.com,Project Update,Education,1121,4,41.62
02-04-2025,bob@yahoo.com,Assignment Submission,Social,249,5,744.03
17-05-2025,admin@service.com,Job Opportunity,Work,668,3,2853.92
24-10-2025,charlie@outlook.com,System Notification,Finance,1054,4,346.34
17-08-2025,admin@service.com,Team Meeting,Social,483,2,2823.41
01-05-2025,charlie@outlook.com,New Project,Spam,,2,4397.94
21-12-2025,charlie@outlook.com,Meeting Schedule,Social,759,3,3183.05
31-01-2025,emma@gmail.com,Project Update,Work,494,4,2068.22
05-02-2025,alice@gmail.com,Important Notice,Spam,268,4,2678.84
04-06-2025,bob@yahoo.com,Assignment Submission,Work,96,2,4979.66
22-12-2025,alice@gmail.com,Monthly Report,Notification,1375,0,3314.1
18-07-2025,alice@gmail.com,Holiday Plans,Personal,726,1,3666.04
09-11-2025,admin@service.com,Holiday Plans,Finance,1306,5,761.11
02-02-2025,john@university.edu,System Notification,,554,5,3556.91
24-02-2025,bob@yahoo.com,Weekly Update,Spam,1277,0,3822.4
23-11-2025,admin@service.com,System Notification,Personal,651,3,2357.37
13-04-2025,support@website.com,New Project,Promotion,1107,4,4567.87
28-12-2025,charlie@outlook.com,Team Meeting,Work,278,4,4826.94
08-09-2025,emma@gmail.com,Meeting Schedule,Promotion,464,3,2226.26
02-05-2025,john@university.edu,Training Program,Promotion,977,4,653.21
04-10-2025,charlie@outlook.com,Holiday Plans,Notification,477,4,3667.47
09-10-2025,support@website.com,New Project,Promotion,731,2,1135.35
16-08-2025,bob@yahoo.com,System Notification,Spam,935,2,597.94
04-04-2025,charlie@outlook.com,Training Program,Promotion,667,5,4000.39
16-01-2025,support@website.com,Monthly Report,Social,1009,1,4024.42
19-06-2025,bob@yahoo.com,Meeting Schedule,Education,535,4,356.86
26-03-2025,manager@office.com,New Project,Social,919,0,2346.15
13-12-2025,charlie@outlook.com,Job Opportunity,Social,1305,,1878.99
07-05-2025,bob@yahoo.com,Monthly Report,Education,798,5,3920.53
14-05-2025,david@company.com,Job Opportunity,Social,1441,3,1004.89
18-04-2025,sarah@company.com,Meeting Schedule,Finance,108,1,2869.57
16-05-2025,emma@gmail.com,,Work,209,5,2120.76
04-01-2025,charlie@outlook.com,Team Meeting,Education,491,0,2575.13
14-09-2025,sarah@company.com,Project Update,Education,588,0,1552.98
20-10-2025,support@website.com,Weekly Update,Work,1086,0,2260.79
03-03-2025,manager@office.com,Assignment Submission,Notification,1364,5,2832.51
28-03-2025,charlie@outlook.com,Team Meeting,Personal,285,4,2171.39
09-01-2025,emma@gmail.com,Training Program,Social,55,4,4066.72
13-04-2025,john@university.edu,Meeting Schedule,Personal,318,5,4709.52
15-10-2025,bob@yahoo.com,Important Notice,Promotion,1382,3,4341.12
04-06-2025,admin@service.com,Project Update,Finance,801,4,1798
12-07-2025,emma@gmail.com,Project Update,Finance,1105,1,2101.98
23-06-2025,admin@service.com,Payment Confirmation,Spam,1313,1,4058.43
23-03-2025,alice@gmail.com,Payment Confirmation,Personal,538,3,3194.41
12-09-2025,john@university.edu,New Project,Social,189,5,2125.38
27-03-2025,bob@yahoo.com,System Notification,Promotion,934,0,1329.74
25-09-2025,sarah@company.com,Monthly Report,Education,100,4,2484.29
27-08-2025,john@university.edu,Holiday Plans,Education,1347,4,3525.84
04-07-2025,alice@gmail.com,Assignment Submission,Personal,585,3,1768.87
28-11-2025,support@website.com,System Notification,Education,272,0,30.12
16-10-2025,sarah@company.com,Event Invitation,Promotion,901,0,57.69
09-01-2025,admin@service.com,Weekly Update,Notification,298,0,690.42
04-11-2025,david@company.com,New Project,Social,1289,5,2789.96
07-02-2025,manager@office.com,Monthly Report,Notification,1433,2,2286.89
31-10-2025,sarah@company.com,Project Update,Social,1043,4,4824.94
29-04-2025,john@university.edu,Important Notice,Promotion,1362,5,3935.19
26-09-2025,bob@yahoo.com,Invoice Details,Personal,661,2,4162.51
30-10-2025,john@university.edu,Holiday Plans,Work,1300,2,1905.96
29-05-2025,alice@gmail.com,System Notification,Social,1218,2,2473.03
29-03-2025,bob@yahoo.com,Project Update,Spam,1238,,1106.76
12-09-2025,emma@gmail.com,Training Program,Promotion,1127,4,93.26
29-01-2025,support@website.com,Important Notice,Spam,1174,0,2796.19
27-01-2025,charlie@outlook.com,Weekly Update,Spam,1332,1,20.36
11-10-2025,manager@office.com,Team Meeting,Spam,1171,1,2535.89
18-07-2025,emma@gmail.com,Invoice Details,Education,719,3,3286.37
24-06-2025,support@website.com,Monthly Report,Promotion,313,0,4111.58
31-03-2025,john@university.edu,New Project,Spam,991,0,3230.03
18-07-2025,charlie@outlook.com,Assignment Submission,Finance,483,0,2045.9
24-11-2025,david@company.com,Weekly Update,Promotion,134,1,4109.9
18-10-2025,john@university.edu,Important Notice,Education,29,2,1234.64
24-04-2025,john@university.edu,System Notification,Social,1141,4,1872.58
17-05-2025,,Project Update,Work,614,3,4321.5
10-07-2025,bob@yahoo.com,Payment Confirmation,Personal,603,0,3816.77
23-09-2025,alice@gmail.com,Meeting Schedule,Promotion,266,3,3471.68
25-06-2025,charlie@outlook.com,Team Meeting,Promotion,744,1,4472.11
01-09-2025,david@company.com,System Notification,Social,1087,3,3135.61
22-02-2025,charlie@outlook.com,Payment Confirmation,Spam,36,1,
30-03-2025,admin@service.com,Team Meeting,Education,765,2,4590.09
01-04-2025,charlie@outlook.com,New Project,Promotion,1016,2,1258.62
26-12-2025,sarah@company.com,Weekly Update,Personal,1425,1,123.65
01-05-2025,bob@yahoo.com,Payment Confirmation,Spam,254,4,2982.4
15-08-2025,manager@office.com,Important Notice,Spam,206,3,1743.07
12-12-2025,charlie@outlook.com,Project Update,Personal,1093,1,1208.64
17-02-2025,charlie@outlook.com,New Project,Work,1409,5,2160.33
28-10-2025,support@website.com,Invoice Details,,447,2,1519.42
13-03-2025,alice@gmail.com,System Notification,Finance,287,1,4119.25
02-03-2025,manager@office.com,Job Opportunity,Personal,987,1,2504.88
02-11-2025,,System Notification,Notification,45,2,2071.98
15-02-2025,,Important Notice,Promotion,733,1,1607.09
18-03-2025,,Team Meeting,Work,1108,4,3763.15
24-04-2025,charlie@outlook.com,Payment Confirmation,Finance,649,1,1053.16
08-08-2025,admin@service.com,Important Notice,Work,97,4,1001.07
09-10-2025,alice@gmail.com,Assignment Submission,Notification,1322,0,4022.82
13-06-2025,alice@gmail.com,New Project,Social,139,3,2649.51
31-07-2025,david@company.com,Training Program,Education,1007,3,334.97
25-11-2025,admin@service.com,New Project,Education,1052,3,1367.82
29-11-2025,bob@yahoo.com,Monthly Report,Notification,,0,1226.18
05-11-2025,bob@yahoo.com,Assignment Submission,Spam,970,4,3800.59
27-10-2025,bob@yahoo.com,Invoice Details,Finance,565,4,4082.34
15-07-2025,david@company.com,Weekly Update,Finance,666,3,4777.45
30-09-2025,sarah@company.com,Team Meeting,Social,317,4,4352.04
12-07-2025,bob@yahoo.com,,Personal,712,4,4926.45
04-05-2025,admin@service.com,Team Meeting,Work,210,2,1111.87
25-09-2025,emma@gmail.com,Assignment Submission,Promotion,279,5,3906.71
01-09-2025,admin@service.com,Payment Confirmation,Promotion,552,2,1804.73
21-03-2025,john@university.edu,New Project,Finance,497,2,4056.32
27-04-2025,,Team Meeting,Notification,906,2,89.37
13-04-2025,john@university.edu,Meeting Schedule,Personal,318,5,4709.52
15-12-2025,emma@gmail.com,Important Notice,Work,328,1,4961.78
10-03-2025,alice@gmail.com,Team Meeting,Spam,1164,2,2715.96
18-10-2025,bob@yahoo.com,New Project,Personal,1172,0,3929.8
14-01-2025,manager@office.com,Weekly Update,Promotion,332,2,3111.72
23-12-2025,alice@gmail.com,New Project,Notification,813,3,4783.73
09-11-2025,admin@service.com,Weekly Update,Personal,1420,5,2698.29
12-01-2025,david@company.com,Weekly Update,Social,1455,5,404.92
07-09-2025,manager@office.com,Project Update,Finance,1312,5,4605.04
20-07-2025,manager@office.com,Important Notice,Promotion,602,2,311.81
21-03-2025,john@university.edu,Job Opportunity,Work,1300,4,4216.48
27-03-2025,john@university.edu,New Project,Spam,1241,4,348.87
20-06-2025,charlie@outlook.com,New Project,Promotion,655,5,3493.91
13-09-2025,alice@gmail.com,Weekly Update,Finance,1491,1,1459.9
21-12-2025,charlie@outlook.com,Payment Confirmation,Personal,206,0,3532.6
20-05-2025,support@website.com,Team Meeting,Education,428,,4162.26
11-08-2025,alice@gmail.com,Payment Confirmation,Social,1045,1,2540.87
24-09-2025,john@university.edu,Payment Confirmation,Social,1161,5,207.84
02-08-2025,bob@yahoo.com,Invoice Details,Spam,452,3,3706.02
,alice@gmail.com,Weekly Update,Personal,1219,0,3505.91
27-03-2025,david@company.com,Assignment Submission,Work,887,0,4941.46
06-10-2025,manager@office.com,Training Program,,815,2,903.18
17-05-2025,sarah@company.com,Monthly Report,Work,149,2,1729.41
16-06-2025,emma@gmail.com,Job Opportunity,Personal,830,1,49.6
08-12-2025,manager@office.com,Monthly Report,Promotion,199,0,548.89
10-04-2025,emma@gmail.com,Project Update,Notification,1052,3,3823.2
31-07-2025,david@company.com,Job Opportunity,Work,243,4,3649.99
10-06-2025,support@website.com,Holiday Plans,Finance,945,2,2319.42
25-09-2025,emma@gmail.com,New Project,Work,1427,4,4360.02
21-12-2025,david@company.com,Payment Confirmation,Notification,1470,3,3681.84
27-07-2025,alice@gmail.com,Job Opportunity,Finance,722,,3568.28
22-09-2025,emma@gmail.com,Invoice Details,Social,210,3,3370.12
05-01-2025,manager@office.com,Event Invitation,Social,1479,5,3215.49
15-02-2025,john@university.edu,Important Notice,Social,338,2,57.73
05-09-2025,sarah@company.com,Weekly Update,Education,1263,3,789.73
15-11-2025,sarah@company.com,Job Opportunity,Work,191,5,2145.92
15-10-2025,manager@office.com,Weekly Update,Notification,1400,5,4469.86
22-10-2025,emma@gmail.com,Assignment Submission,Work,319,2,2307.91
01-03-2025,alice@gmail.com,Team Meeting,Promotion,658,5,1816.03
22-10-2025,sarah@company.com,Team Meeting,Notification,519,1,3282.01
26-04-2025,bob@yahoo.com,Payment Confirmation,Personal,1232,2,1370.46
03-08-2025,david@company.com,Event Invitation,Education,532,0,3207.69
06-07-2025,john@university.edu,Invoice Details,Social,1457,5,3241.94
25-08-2025,emma@gmail.com,Important Notice,Promotion,453,3,1637.59
29-01-2025,david@company.com,Job Opportunity,Finance,589,1,117.63
07-12-2025,john@university.edu,Weekly Update,Personal,1494,2,2538.08
09-10-2025,admin@service.com,Assignment Submission,Personal,1442,2,1649.4
11-08-2025,charlie@outlook.com,System Notification,Social,674,5,4571.3
10-07-2025,bob@yahoo.com,Job Opportunity,Personal,1055,1,3187.89
22-02-2025,david@company.com,Monthly Report,Work,941,2,1746.14
23-12-2025,david@company.com,Assignment Submission,,927,2,1350.75
13-06-2025,alice@gmail.com,Weekly Update,Spam,625,2,4535.02
24-02-2025,support@website.com,Monthly Report,Promotion,259,4,4783.76
11-08-2025,emma@gmail.com,Team Meeting,Personal,759,2,4721.39
25-11-2025,admin@service.com,Assignment Submission,Promotion,366,1,3602.97
03-01-2025,david@company.com,Monthly Report,Personal,1202,0,3998.51
02-02-2025,manager@office.com,Weekly Update,Personal,1036,3,2556.36
15-12-2025,bob@yahoo.com,New Project,Work,652,3,171.66
31-10-2025,david@company.com,System Notification,Personal,591,3,1223.1
09-03-2025,david@company.com,System Notification,Personal,1496,2,4021.42
16-09-2025,emma@gmail.com,Monthly Report,Education,1281,2,1379.71
18-01-2025,admin@service.com,Payment Confirmation,Promotion,251,4,2410.26
12-11-2025,admin@service.com,,Work,1109,4,2059.64
20-11-2025,charlie@outlook.com,New Project,Finance,1471,2,4896.39
08-02-2025,alice@gmail.com,Important Notice,Education,1311,1,344.5
07-12-2025,charlie@outlook.com,Job Opportunity,Social,851,4,4169.46
08-09-2025,charlie@outlook.com,System Notification,Spam,1221,4,1752.05
15-02-2025,emma@gmail.com,Holiday Plans,Notification,29,4,1182.02
15-06-2025,bob@yahoo.com,Monthly Report,Work,803,3,1666.61
07-09-2025,alice@gmail.com,System Notification,Personal,958,5,3322.4
05-01-2025,emma@gmail.com,Job Opportunity,Social,1295,1,2322.31
31-07-2025,john@university.edu,Training Program,Finance,43,5,1009.93
10-07-2025,bob@yahoo.com,Job Opportunity,Social,173,0,4985.82
27-02-2025,sarah@company.com,Job Opportunity,Work,512,1,341.12
30-08-2025,charlie@outlook.com,Assignment Submission,Work,1152,5,3704.63
05-02-2025,emma@gmail.com,Important Notice,Education,297,5,4891.77
29-11-2025,emma@gmail.com,Holiday Plans,Spam,974,0,4015.07
20-05-2025,emma@gmail.com,Event Invitation,Social,1368,4,884.05
15-08-2025,sarah@company.com,Training Program,Work,249,0,4725.53
05-07-2025,admin@service.com,Payment Confirmation,Education,911,1,3670.31
05-06-2025,emma@gmail.com,Training Program,Spam,916,0,2992.19
04-02-2025,bob@yahoo.com,Meeting Schedule,Promotion,1347,0,3387.31
15-05-2025,admin@service.com,Job Opportunity,Promotion,769,1,2496.36
28-02-2025,support@website.com,Event Invitation,Social,1332,2,562.2
11-07-2025,manager@office.com,Job Opportunity,Social,631,5,544.98
24-10-2025,alice@gmail.com,New Project,Promotion,1115,,2347
19-03-2025,bob@yahoo.com,Event Invitation,Promotion,1482,0,2525.22
03-08-2025,charlie@outlook.com,Meeting Schedule,Social,556,1,3090.31
22-07-2025,david@company.com,Training Program,Work,1461,0,4596.29
16-06-2025,john@university.edu,Invoice Details,Personal,687,,494.83
20-07-2025,support@website.com,Payment Confirmation,Spam,999,3,2022.54
28-07-2025,john@university.edu,Monthly Report,Finance,1346,0,84.57
03-05-2025,bob@yahoo.com,Invoice Details,Spam,1326,4,359.7
11-08-2025,charlie@outlook.com,Team Meeting,Education,405,4,1926.05
14-11-2025,john@university.edu,Payment Confirmation,Spam,,0,3797.8
09-10-2025,bob@yahoo.com,Monthly Report,Notification,301,3,1001.29
30-06-2025,david@company.com,Job Opportunity,Social,1408,5,3838.52
20-07-2025,bob@yahoo.com,Monthly Report,Notification,1337,2,4066.86
11-12-2025,bob@yahoo.com,Invoice Details,Spam,198,0,1956.46
19-03-2025,bob@yahoo.com,Project Update,Promotion,1128,3,4853.67
16-02-2025,bob@yahoo.com,Assignment Submission,Education,1413,3,2984.06
30-11-2025,support@website.com,Event Invitation,Spam,972,3,4129.54
29-03-2025,manager@office.com,Event Invitation,Notification,322,5,1214.77
03-06-2025,support@website.com,System Notification,Spam,1471,4,1502.45
22-01-2025,emma@gmail.com,Training Program,Notification,1132,3,1270.3
10-05-2025,admin@service.com,System Notification,Spam,1133,0,3041.88
23-06-2025,charlie@outlook.com,Invoice Details,Notification,1044,0,231.29
10-07-2025,john@university.edu,Holiday Plans,Social,932,4,442.56
04-01-2025,sarah@company.com,Holiday Plans,Social,338,1,4786.28
13-02-2025,david@company.com,Weekly Update,Promotion,360,5,3065.33
29-07-2025,alice@gmail.com,Team Meeting,Education,1345,1,3007.7
30-04-2025,manager@office.com,New Project,Notification,547,1,32.32
04-02-2025,support@website.com,Important Notice,Promotion,585,4,2293.5
19-07-2025,david@company.com,Payment Confirmation,Social,,5,636.43
18-12-2025,manager@office.com,Payment Confirmation,Spam,606,1,3037.29
13-10-2025,bob@yahoo.com,Team Meeting,Education,971,5,2658
01-03-2025,sarah@company.com,Project Update,Social,991,5,769.87
13-02-2025,support@website.com,New Project,Finance,1191,4,
10-06-2025,support@website.com,Project Update,Notification,1200,1,1277.34
30-04-2025,john@university.edu,Job Opportunity,Promotion,505,2,4381.91
22-01-2025,support@website.com,Important Notice,Work,1162,3,2583.05
15-10-2025,david@company.com,Assignment Submission,Promotion,508,4,572.22
25-09-2025,bob@yahoo.com,Project Update,Education,828,3,3476.71
20-06-2025,david@company.com,Monthly Report,Education,1456,0,1915.8
16-09-2025,john@university.edu,Payment Confirmation,Work,788,5,1282.67
05-12-2025,support@website.com,Important Notice,Education,779,3,1850.16
02-02-2025,john@university.edu,Meeting Schedule,Finance,1391,2,2597.9
22-09-2025,david@company.com,Payment Confirmation,Work,960,3,3569.82
05-12-2025,sarah@company.com,Monthly Report,Social,144,4,4742.86
01-03-2025,admin@service.com,Important Notice,Spam,637,3,3732.02
12-04-2025,charlie@outlook.com,Project Update,Promotion,270,0,4711.69
01-01-2025,manager@office.com,Job Opportunity,Social,1061,4,1038.22
06-02-2025,david@company.com,Weekly Update,Spam,183,3,4006.09
14-12-2025,support@website.com,Assignment Submission,Promotion,70,3,527.22
28-06-2025,charlie@outlook.com,Invoice Details,Personal,319,2,990.37
16-03-2025,emma@gmail.com,Invoice Details,Work,754,3,516.89
29-11-2025,john@university.edu,,Notification,668,5,3594.99
19-01-2025,support@website.com,Weekly Update,Social,1466,1,2459.94
24-09-2025,admin@service.com,Project Update,Spam,1498,5,2264.97
10-10-2025,emma@gmail.com,Job Opportunity,Personal,1049,5,847.34
02-11-2025,admin@service.com,Monthly Report,Work,240,3,674.01
20-06-2025,alice@gmail.com,Project Update,Social,66,4,3793.68
04-06-2025,emma@gmail.com,Project Update,Promotion,532,0,1862.36
14-08-2025,david@company.com,Invoice Details,Promotion,339,5,4264.56
04-03-2025,david@company.com,Weekly Update,Work,123,2,1221.63
13-03-2025,admin@service.com,Job Opportunity,Work,755,0,2425.62
02-10-2025,john@university.edu,Invoice Details,Spam,253,2,3355.15
10-05-2025,charlie@outlook.com,Weekly Update,Work,1144,3,3225.15
29-03-2025,alice@gmail.com,Payment Confirmation,Notification,949,5,2473.27
02-05-2025,alice@gmail.com,Assignment Submission,Social,127,1,3709.88
13-05-2025,manager@office.com,Holiday Plans,Education,1278,4,2484.5
13-04-2025,john@university.edu,Job Opportunity,Personal,246,1,1251.77
27-12-2025,admin@service.com,Holiday Plans,,609,0,2869.52
13-04-2025,alice@gmail.com,Team Meeting,Work,758,5,999.55
22-07-2025,support@website.com,Project Update,Spam,774,5,3746.31
26-09-2025,bob@yahoo.com,Monthly Report,Notification,682,5,4621.07
24-12-2025,admin@service.com,Monthly Report,Spam,983,1,4737.5
02-09-2025,sarah@company.com,Project Update,Personal,231,2,1840.97
07-01-2025,admin@service.com,Important Notice,Promotion,1105,5,4779.57
05-02-2025,emma@gmail.com,Event Invitation,Social,690,0,2767.69
05-02-2025,alice@gmail.com,Important Notice,Spam,268,4,2678.84
07-02-2025,support@website.com,Project Update,Social,1424,2,3034.8
31-01-2025,emma@gmail.com,Assignment Submission,Spam,162,3,4897.21
27-01-2025,charlie@outlook.com,Weekly Update,Spam,1332,1,20.36
07-12-2025,,Holiday Plans,Spam,1125,1,2670.55
12-04-2025,alice@gmail.com,System Notification,Finance,251,1,3166.38
03-09-2025,john@university.edu,Event Invitation,Social,1017,4,548.62
11-02-2025,support@website.com,Payment Confirmation,Promotion,179,4,565.48
18-05-2025,bob@yahoo.com,Event Invitation,Work,706,3,1363.54
02-03-2025,manager@office.com,Holiday Plans,Finance,970,5,3298.34
10-04-2025,sarah@company.com,Job Opportunity,Work,554,1,2038.64
18-03-2025,manager@office.com,Training Program,Notification,247,2,1192.01
21-06-2025,admin@service.com,Meeting Schedule,Personal,127,4,883.56
01-08-2025,charlie@outlook.com,Holiday Plans,Social,722,3,3922.43
03-03-2025,sarah@company.com,Assignment Submission,Education,798,4,3519.84
31-03-2025,alice@gmail.com,Job Opportunity,Education,1488,3,3062.19
19-10-2025,emma@gmail.com,Job Opportunity,Education,682,5,1466.71
29-08-2025,john@university.edu,Assignment Submission,Work,537,3,574.87
23-10-2025,david@company.com,Project Update,Notification,1088,3,4311.68
24-08-2025,alice@gmail.com,New Project,Spam,609,5,2735.26
26-01-2025,emma@gmail.com,Team Meeting,Notification,1014,4,2213.01
11-01-2025,alice@gmail.com,Team Meeting,Notification,1183,4,4507.54
25-06-2025,admin@service.com,Assignment Submission,Promotion,1485,1,3895.81
15-08-2025,john@university.edu,Event Invitation,Finance,416,2,2246.83
07-09-2025,emma@gmail.com,Holiday Plans,Finance,107,5,1037.84
19-03-2025,support@website.com,Team Meeting,Promotion,,4,3190.45
,manager@office.com,Job Opportunity,Personal,170,4,1069.71
,sarah@company.com,Project Update,Work,203,2,2773.33
05-11-2025,david@company.com,Payment Confirmation,Notification,471,3,2948.38
31-03-2025,emma@gmail.com,Assignment Submission,Education,23,5,4743.75
02-05-2025,charlie@outlook.com,Invoice Details,Promotion,131,5,1325.66
22-12-2025,emma@gmail.com,Payment Confirmation,Social,145,5,2368.44
14-10-2025,admin@service.com,Job Opportunity,Notification,1142,3,4486.55
20-05-2025,support@website.com,Assignment Submission,Notification,207,1,4084.43
30-07-2025,manager@office.com,System Notification,Education,1296,5,2556.47
30-10-2025,david@company.com,Payment Confirmation,Finance,328,0,4662.33
23-03-2025,admin@service.com,Team Meeting,Social,1038,0,454.8
21-01-2025,david@company.com,Monthly Report,Notification,238,5,3445.77
16-08-2025,emma@gmail.com,Project Update,Education,198,1,2157.74
31-03-2025,charlie@outlook.com,Payment Confirmation,Work,355,3,4765.32
22-10-2025,emma@gmail.com,Job Opportunity,Work,378,3,2597.22
08-07-2025,sarah@company.com,Payment Confirmation,Spam,811,2,4868.75
26-07-2025,sarah@company.com,Payment Confirmation,Spam,590,5,3831.03
29-10-2025,admin@service.com,Team Meeting,Education,1041,0,2654.17
27-10-2025,manager@office.com,Important Notice,Spam,32,2,1496.57
20-12-2025,alice@gmail.com,System Notification,Promotion,1212,4,744.73
16-05-2025,david@company.com,System Notification,Finance,1286,2,784.2
20-06-2025,bob@yahoo.com,System Notification,Education,695,3,3469.9
22-05-2025,support@website.com,Job Opportunity,Social,225,1,1484.75
21-08-2025,david@company.com,New Project,Social,1300,4,3307.61
